Date,Title,Keywords,Ratio
2025-02-23,오메가3,오메가3,1.31578
2025-02-25,오메가3,오메가3,3.94736
2025-02-26,오메가3,오메가3,1.31578
2025-02-27,오메가3,오메가3,1.31578
2025-03-06,오메가3,오메가3,3.94736
2025-03-09,오메가3,오메가3,3.94736
2025-03-15,오메가3,오메가3,1.31578
2025-03-26,오메가3,오메가3,1.31578
2025-04-02,오메가3,오메가3,40.78947
2025-04-03,오메가3,오메가3,100.0
2025-04-04,오메가3,오메가3,38.15789
2025-04-16,오메가3,오메가3,2.63157
2025-04-18,오메가3,오메가3,1.31578
2025-04-19,오메가3,오메가3,1.31578
2025-04-20,오메가3,오메가3,1.31578
2025-04-27,오메가3,오메가3,3.94736
2025-04-28,오메가3,오메가3,1.31578
2025-05-02,오메가3,오메가3,1.31578
2025-05-04,오메가3,오메가3,1.31578
2025-05-09,오메가3,오메가3,2.63157
2025-05-11,오메가3,오메가3,1.31578
2025-05-12,오메가3,오메가3,2.63157
2025-05-27,오메가3,오메가3,2.63157
2025-05-30,오메가3,오메가3,1.31578
2025-05-31,오메가3,오메가3,1.31578
2025-06-03,오메가3,오메가3,1.31578
2025-06-18,오메가3,오메가3,1.31578
2025-06-22,오메가3,오메가3,1.31578
2025-07-22,오메가3,오메가3,1.31578
2025-08-05,오메가3,오메가3,1.31578
2025-08-10,오메가3,오메가3,1.31578
2025-08-16,오메가3,오메가3,1.31578
2025-08-23,오메가3,오메가3,3.94736
2025-09-04,오메가3,오메가3,1.31578
2025-09-06,오메가3,오메가3,1.31578
2025-09-23,오메가3,오메가3,1.31578
2025-09-25,오메가3,오메가3,2.63157
2025-09-29,오메가3,오메가3,1.31578
2025-10-06,오메가3,오메가3,2.63157
2025-10-13,오메가3,오메가3,10.52631
2025-10-30,오메가3,오메가3,1.31578
2025-10-31,오메가3,오메가3,1.31578
2025-11-25,오메가3,오메가3,1.31578
2025-12-12,오메가3,오메가3,3.94736
2025-12-17,오메가3,오메가3,2.63157
2025-12-29,오메가3,오메가3,1.31578
2026-01-14,오메가3,오메가3,1.31578
2026-02-01,오메가3,오메가3,1.31578
2026-02-02,오메가3,오메가3,1.31578
2026-02-05,오메가3,오메가3,1.31578
2026-02-10,오메가3,오메가3,1.31578
2025-02-22,비타민d,비타민d,7.89473
2025-02-23,비타민d,비타민d,14.47368
2025-02-24,비타민d,비타민d,6.57894
2025-03-13,비타민d,비타민d,1.31578
2025-04-08,비타민d,비타민d,1.31578
2025-04-29,비타민d,비타민d,1.31578
2025-07-21,비타민d,비타민d,1.31578
2025-12-31,비타민d,비타민d,1.31578
2026-02-09,비타민d,비타민d,1.31578
